station,channel,station_latitude,station_longitude,vs30_ms,Ml,epicentral_distance,hypocentral_distance,channel_pga_pct_g,channel_pgv_ms
CTU,HHE,40.6925,-111.7503,2197.0,3.6,161.8,161.86,0.00292219,0.00210599
CTU,HHN,40.6925,-111.7503,2197.0,3.6,161.8,161.86,0.00265911,0.00148629
HVU,HHE,41.7797,-112.775,2197.0,3.6,28.54,28.91,0.1256933,0.02628949
HVU,HHN,41.7797,-112.775,2197.0,3.6,28.54,28.91,0.2107014,0.03255851
NOQ,HHE,40.6528,-112.1188,2197.0,3.6,155.06,155.13,0.00340053,0.00166658
NOQ,HHN,40.6528,-112.1188,2197.0,3.6,155.06,155.13,0.00453921,0.00285944
HVU,HHE,41.7797,-112.775,2197.0,3.0,173.79,173.87,0.00237262,0.00126893
HVU,HHN,41.7797,-112.775,2197.0,3.0,173.79,173.87,0.0027549,0.00156464
7212,HNE,41.1959,-111.9417,256.0,3.0,90.38,90.38,0.01274804,0.00587694
7212,HNN,41.1959,-111.9417,256.0,3.0,90.38,90.38,0.01145015,0.00697911
HWUT,BHE,41.6068,-111.5652,2197.0,3.0,41.66,41.66,0.01085577,0.00594844
HWUT,BHN,41.6068,-111.5652,2197.0,3.0,41.66,41.66,0.00832625,0.00355911
BGU,HHE,40.9255,-113.0298,2197.0,3.0,184.02,184.02,0.00048699,0.00023891
BGU,HHN,40.9255,-113.0298,2197.0,3.0,184.02,184.02,0.00051589,0.00017179
CTU,HHE,40.6925,-111.7503,2197.0,3.0,123.74,123.74,0.00189834,0.00059404
CTU,HHN,40.6925,-111.7503,2197.0,3.0,123.74,123.74,0.00194113,0.00067154
HVU,HHE,41.7797,-112.775,2197.0,3.0,141.78,141.78,0.00314971,0.0012778
HVU,HHN,41.7797,-112.775,2197.0,3.0,141.78,141.78,0.00259535,0.00098371
JLU,HHE,40.602,-111.45,1010.0,3.0,124.13,124.13,0.00075816,0.00031277
JLU,HHN,40.602,-111.45,1010.0,3.0,124.13,124.13,0.00103874,0.00041117
NOQ,HHE,40.6528,-112.1188,2197.0,3.0,144.08,144.08,0.00455922,0.00141714
NOQ,HHN,40.6528,-112.1188,2197.0,3.0,144.08,144.08,0.00438407,0.0014734
RDMU,HHE,40.5708,-109.57,1460.0,3.0,176.78,176.78,0.00317548,0.00077424
RDMU,HHN,40.5708,-109.57,1460.0,3.0,176.78,176.78,0.00281061,0.00079165
TCU,HHE,41.1173,-111.4078,1460.0,3.0,68.72,68.72,0.00994428,0.00399214
TCU,HHN,41.1173,-111.4078,1460.0,3.0,68.72,68.72,0.01008393,0.00413355
BCU,ENE,41.5123,-111.9822,2197.0,3.0,77.93,77.93,0.00269466,0.00139685
BCU,ENN,41.5123,-111.9822,2197.0,3.0,77.93,77.93,0.00259386,0.00128903
CAPU,ENE,40.7785,-111.89,290.0,3.0,121.48,121.48,0.1768822,0.00737947
CAPU,ENN,40.7785,-111.89,290.0,3.0,121.48,121.48,0.06628032,0.00328146
CWR,ENE,41.5817,-111.7815,2197.0,3.0,59.88,59.88,0.00643737,0.00213795
CWR,ENN,41.5817,-111.7815,2197.0,3.0,59.88,59.88,0.01353023,0.00464788
FTT,ENE,40.686,-112.0832,408.0,3.0,139.33,139.33,0.00538395,0.0023588
FTT,ENN,40.686,-112.0832,408.0,3.0,139.33,139.33,0.00535595,0.00307524
JRP,ENE,40.8257,-111.9443,198.0,3.0,119.88,119.88,0.0095166,0.00359546
JRP,ENN,40.8257,-111.9443,198.0,3.0,119.88,119.88,0.01399771,0.00738071
LKC,ENE,40.727,-112.0357,198.0,3.0,133.28,133.28,0.015351,0.00775718
LKC,ENN,40.727,-112.0357,198.0,3.0,133.28,133.28,0.00993683,0.00324901
LRG,ENE,41.7137,-111.8513,234.0,3.0,64.65,64.65,0.00889373,0.00398203
LRG,ENN,41.7137,-111.8513,234.0,3.0,64.65,64.65,0.00960336,0.00443338
MOR,ENE,41.0462,-111.6657,2197.0,3.0,86.28,86.28,0.00404926,0.00232647
MOR,ENN,41.0462,-111.6657,2197.0,3.0,86.28,86.28,0.00356102,0.00157431
NAI,ENE,41.0162,-112.2282,2197.0,3.0,121.62,121.62,0.00375067,0.00160356
NAI,ENN,41.0162,-112.2282,2197.0,3.0,121.62,121.62,0.00265382,0.00099512
NOQ,ENE,40.6528,-112.1188,2197.0,3.0,144.08,144.08,0.00450878,0.00144681
NOQ,ENN,40.6528,-112.1188,2197.0,3.0,144.08,144.08,0.00435706,0.00149115
OF2,ENE,41.2283,-111.9487,207.0,3.0,88.74,88.74,0.00644765,0.00266552
OF2,ENN,41.2283,-111.9487,207.0,3.0,88.74,88.74,0.00732077,0.00300217
RIV,ENE,40.5193,-111.9342,290.0,3.0,148.02,148.02,0.00380373,0.00132647
RIV,ENN,40.5193,-111.9342,290.0,3.0,148.02,148.02,0.00403189,0.00153096
SCS,ENE,41.0955,-112.0468,207.0,3.0,104.2,104.2,0.00845552,0.00290154
SCS,ENN,41.0955,-112.0468,207.0,3.0,104.2,104.2,0.00645332,0.00236475
SPR,ENE,40.1823,-111.6118,174.0,3.0,172.7,172.7,0.00610704,0.00176027
SPR,ENN,40.1823,-111.6118,174.0,3.0,172.7,172.7,0.00643031,0.00187113
UHP,ENE,40.9912,-111.898,256.0,3.0,103.18,103.18,0.01229246,0.00284277
UHP,ENN,40.9912,-111.898,256.0,3.0,103.18,103.18,0.01932653,0.00321083
UTH,ENE,41.1442,-111.9253,256.0,3.0,92.9,92.9,0.00962272,0.00398631
UTH,ENN,41.1442,-111.9253,256.0,3.0,92.9,92.9,0.01245585,0.00421868
WCF,ENE,41.6395,-111.9323,234.0,3.0,71.51,71.51,0.01176984,0.00588335
WCF,ENN,41.6395,-111.9323,234.0,3.0,71.51,71.51,0.01321685,0.00626649
CTU,HHE,40.6925,-111.7503,2197.0,3.1,192.3,192.72,0.00142438,0.00050496
CTU,HHN,40.6925,-111.7503,2197.0,3.1,192.3,192.72,0.00158912,0.00032812
2272,HNE,40.6997,-111.7935,408.0,4.9,125.95,126.2,0.1594195,0.05927068
2272,HNN,40.6997,-111.7935,408.0,4.9,125.95,126.2,0.2715382,0.1181836
2286,HNE,40.7012,-111.8663,198.0,4.9,128.76,129.01,0.1706605,0.1053541
2286,HNN,40.7012,-111.8663,198.0,4.9,128.76,129.01,0.1868744,0.1091379
7212,HNE,41.1959,-111.9417,256.0,4.9,90.5,90.85,0.3996382,0.2833386
7212,HNN,41.1959,-111.9417,256.0,4.9,90.5,90.85,0.4424878,0.3440621
7232,HNE,41.7188,-112.1818,234.0,4.9,90.53,90.88,0.221299,0.1457657
7232,HNN,41.7188,-112.1818,234.0,4.9,90.53,90.88,0.2447787,0.1214705
HWUT,BHE,41.6068,-111.5652,2197.0,4.9,40.67,41.43,0.7271351,0.5362496
HWUT,BHN,41.6068,-111.5652,2197.0,4.9,40.67,41.43,0.351085,0.2476859
BGU,HHE,40.9255,-113.0298,2197.0,4.9,183.66,183.82,0.0247233,0.01933133
BGU,HHN,40.9255,-113.0298,2197.0,4.9,183.66,183.82,0.01612907,0.01755963
HVU,HHE,41.7797,-112.775,2197.0,4.9,140.08,140.3,0.1303125,0.05924545
HVU,HHN,41.7797,-112.775,2197.0,4.9,140.08,140.3,0.1291137,0.07686754
RDMU,HHE,40.5708,-109.57,1460.0,4.9,179.42,179.6,0.02683426,0.01331916
RDMU,HHN,40.5708,-109.57,1460.0,4.9,179.42,179.6,0.03394393,0.01643239
TCU,HHE,41.1173,-111.4078,1460.0,4.9,70.17,70.61,0.4693403,0.2744243
TCU,HHN,41.1173,-111.4078,1460.0,4.9,70.17,70.61,0.460489,0.3118715
ALP,ENE,40.454,-111.7771,294.0,4.9,150.14,150.35,0.1031415,0.05484095
ALP,ENN,40.454,-111.7771,294.0,4.9,150.14,150.35,0.09644101,0.05693702
ALT,ENE,40.5903,-111.6375,2197.0,4.9,131.75,131.99,0.05092844,0.02647019
ALT,ENN,40.5903,-111.6375,2197.0,4.9,131.75,131.99,0.03434827,0.01938459
AMF,ENE,40.4018,-111.7878,294.0,4.9,155.86,156.06,0.08671611,0.05800306
AMF,ENN,40.4018,-111.7878,294.0,4.9,155.86,156.06,0.10527,0.06739929
AVE,ENE,40.7745,-111.8638,408.0,4.9,121.67,121.92,0.1563985,0.09507155
AVE,ENN,40.7745,-111.8638,408.0,4.9,121.67,121.92,0.1651161,0.1079716
BCS,ENE,41.5118,-112.033,234.0,4.9,81.1,81.48,0.346065,0.2143406
BCS,ENN,41.5118,-112.033,234.0,4.9,81.1,81.48,0.264466,0.2144688
BCU,ENE,41.5123,-111.9822,2197.0,4.9,77.0,77.41,0.1205606,0.1064269
BCU,ENN,41.5123,-111.9822,2197.0,4.9,77.0,77.41,0.106145,0.06735554
BCW,ENE,39.7303,-110.7425,1010.0,4.9,221.1,221.25,0.01375295,0.01103907
BCW,ENN,39.7303,-110.7425,1010.0,4.9,221.1,221.25,0.01327753,0.0154651
BES,ENE,41.3183,-111.9543,349.0,4.9,83.57,83.95,0.2028842,0.1206272
BES,ENN,41.3183,-111.9543,349.0,4.9,83.57,83.95,0.1742786,0.1335469
BSS,ENE,40.6242,-111.8228,290.0,4.9,134.54,134.77,0.1192108,0.07223264
BSS,ENN,40.6242,-111.8228,290.0,4.9,134.54,134.77,0.1254214,0.101915
BYP,ENE,40.771,-111.8872,290.0,4.9,123.05,123.3,0.1239038,0.07306808
BYP,ENN,40.771,-111.8872,290.0,4.9,123.05,123.3,0.2328063,0.09740526
CAPU,ENE,40.7785,-111.89,290.0,4.9,122.47,122.73,0.3502611,0.1992549
CAPU,ENN,40.7785,-111.89,290.0,4.9,122.47,122.73,0.2655292,0.1503211
CFS,ENE,40.566,-112.0935,408.0,4.9,151.63,151.84,0.2985265,0.1524849
CFS,ENN,40.566,-112.0935,408.0,4.9,151.63,151.84,0.2526981,0.1213832
CHS,ENE,40.5947,-112.0172,290.0,4.9,145.47,145.68,0.1746211,0.08342717
CHS,ENN,40.5947,-112.0172,290.0,4.9,145.47,145.68,0.1399934,0.07562843
CWR,ENE,41.5817,-111.7815,2197.0,4.9,58.83,59.36,0.2697997,0.1600151
CWR,ENN,41.5817,-111.7815,2197.0,4.9,58.83,59.36,0.4777777,0.211034
DOT,ENE,40.7268,-111.9608,198.0,4.9,130.55,130.79,0.284477,0.1581727
DOT,ENN,40.7268,-111.9608,198.0,4.9,130.55,130.79,0.3288344,0.2011746
ETW,ENE,41.6692,-112.1422,234.0,4.9,87.34,87.69,0.4054675,0.1720209
ETW,ENN,41.6692,-112.1422,234.0,4.9,87.34,87.69,0.3112175,0.228802
FTT,ENE,40.686,-112.0832,408.0,4.9,140.17,140.39,0.2360697,0.1515382
FTT,ENN,40.686,-112.0832,408.0,4.9,140.17,140.39,0.3514993,0.1916627
GMO,ENE,40.6007,-112.4747,174.0,4.9,168.59,168.77,0.1103772,0.05535698
GMO,ENN,40.6007,-112.4747,174.0,4.9,168.59,168.77,0.1503834,0.05579387
GMV,ENE,40.5733,-111.7632,2197.0,4.9,137.49,137.72,0.04259479,0.01760205
GMV,ENN,40.5733,-111.7632,2197.0,4.9,137.49,137.72,0.04800624,0.01840991
HER,ENE,40.5157,-112.0308,408.0,4.9,153.57,153.77,0.2269141,0.09674263
HER,ENN,40.5157,-112.0308,408.0,4.9,153.57,153.77,0.18901,0.09798123
HON,ENE,41.6162,-112.0508,2197.0,4.9,80.26,80.65,0.2436301,0.1025039
HON,ENN,41.6162,-112.0508,2197.0,4.9,80.26,80.65,0.2964495,0.1250751
ICF,ENE,40.7782,-112.0287,198.0,4.9,129.2,129.44,0.6477207,0.2849323
ICF,ENN,40.7782,-112.0287,198.0,4.9,129.2,129.44,0.4967983,0.1894059
JRP,ENE,40.8257,-111.9443,198.0,4.9,120.72,120.98,0.362769,0.1980644
JRP,ENN,40.8257,-111.9443,198.0,4.9,120.72,120.98,0.6444806,0.326716
LGC,ENE,40.9007,-111.9085,166.0,4.9,112.23,112.51,0.2053199,0.13553
LGC,ENN,40.9007,-111.9085,166.0,4.9,112.23,112.51,0.1762693,0.1172405
LKC,ENE,40.727,-112.0357,198.0,4.9,134.13,134.36,0.774582,0.4908971
LKC,ENN,40.727,-112.0357,198.0,4.9,134.13,134.36,0.5796581,0.2954364
LMU,ENE,40.3152,-111.932,2197.0,4.9,169.5,169.68,0.07160195,0.05438201
LMU,ENN,40.3152,-111.932,2197.0,4.9,169.5,169.68,0.04719653,0.0308804
LRG,ENE,41.7137,-111.8513,234.0,4.9,63.03,63.52,0.4664343,0.414993
LRG,ENN,41.7137,-111.8513,234.0,4.9,63.03,63.52,0.7667718,0.5416589
LSU,ENE,40.1323,-111.73,174.0,4.9,182.5,182.67,0.03515254,0.0437723
LSU,ENN,40.1323,-111.73,174.0,4.9,182.5,182.67,0.03847716,0.0462443
MAB,ENE,40.1308,-111.5778,294.0,4.9,179.32,179.49,0.06734626,0.06722424
MAB,ENN,40.1308,-111.5778,294.0,4.9,179.32,179.49,0.06293234,0.07438595
NAI,ENE,41.0162,-112.2282,2197.0,4.9,121.77,122.02,0.09514765,0.04159388
NAI,ENN,41.0162,-112.2282,2197.0,4.9,121.77,122.02,0.08907503,0.05647188
OCP,ENE,40.2978,-111.6907,294.0,4.9,163.96,164.15,0.06935865,0.05862557
OCP,ENN,40.2978,-111.6907,294.0,4.9,163.96,164.15,0.06857169,0.05811768
OF2,ENE,41.2283,-111.9487,207.0,4.9,88.76,89.12,0.3107028,0.2540693
OF2,ENN,41.2283,-111.9487,207.0,4.9,88.76,89.12,0.2868896,0.2684771
OPS,ENE,41.2287,-111.9757,256.0,4.9,90.56,90.91,0.1805545,0.1498762
OPS,ENN,41.2287,-111.9757,256.0,4.9,90.56,90.91,0.2083652,0.145534
OSS,ENE,40.5628,-112.0268,408.0,4.9,148.91,149.12,0.2158016,0.1092301
OSS,ENN,40.5628,-112.0268,408.0,4.9,148.91,149.12,0.3402622,0.151907
PCL,ENE,41.31,-112.1,166.0,4.9,94.66,94.98,0.3632264,0.1329397
PCL,ENN,41.31,-112.1,166.0,4.9,94.66,94.98,0.3328829,0.1255908
PCR,ENE,40.6542,-111.5032,402.0,4.9,121.46,121.72,0.1400024,0.06499371
PCR,ENN,40.6542,-111.5032,402.0,4.9,121.46,121.72,0.09132054,0.06495502
PGC,ENE,40.3785,-111.7103,2197.0,4.9,155.98,156.18,0.08742447,0.04942704
PGC,ENN,40.3785,-111.7103,2197.0,4.9,155.98,156.18,0.1035449,0.05275414
RIV,ENE,40.5193,-111.9342,290.0,4.9,149.22,149.43,0.2057546,0.11476
RIV,ENN,40.5193,-111.9342,290.0,4.9,149.22,149.43,0.2961784,0.1796289
RPF,ENE,40.7753,-111.92,198.0,4.9,124.15,124.41,0.2688918,0.1598901
RPF,ENN,40.7753,-111.92,198.0,4.9,124.15,124.41,0.2845101,0.1997113
SCC,ENE,40.6748,-111.9395,198.0,4.9,134.45,134.68,0.2991911,0.1421179
SCC,ENN,40.6748,-111.9395,198.0,4.9,134.45,134.68,0.2369241,0.1722955
SCS,ENE,41.0955,-112.0468,207.0,4.9,104.42,104.72,0.2693209,0.1764306
SCS,ENN,41.0955,-112.0468,207.0,4.9,104.42,104.72,0.2790807,0.1712645
SCY,ENE,40.0578,-111.6857,174.0,4.9,189.41,189.58,0.08125869,0.08716464
SCY,ENN,40.0578,-111.6857,174.0,4.9,189.41,189.58,0.09542215,0.1019474
SPR,ENE,40.1823,-111.6118,174.0,4.9,174.44,174.62,0.05913337,0.04173106
SPR,ENN,40.1823,-111.6118,174.0,4.9,174.44,174.62,0.07414406,0.05844224
SSC,ENE,40.5815,-111.8558,290.0,4.9,140.03,140.26,0.1731573,0.1065147
SSC,ENN,40.5815,-111.8558,290.0,4.9,140.03,140.26,0.1880668,0.1318459
TPU,ENE,40.4302,-111.9022,294.0,4.9,156.85,157.05,0.1141575,0.08355626
TPU,ENN,40.4302,-111.9022,294.0,4.9,156.85,157.05,0.105968,0.07853513
TRS,ENE,40.5138,-112.3105,402.0,4.9,167.0,167.18,0.04043368,0.02864007
TRS,ENN,40.5138,-112.3105,402.0,4.9,167.0,167.18,0.05036027,0.03277088
UHP,ENE,40.9912,-111.898,256.0,4.9,103.83,104.13,0.3459388,0.2122548
UHP,ENN,40.9912,-111.898,256.0,4.9,103.83,104.13,0.3746319,0.2024006
UTH,ENE,41.1442,-111.9253,256.0,4.9,93.18,93.52,0.6229849,0.2092958
UTH,ENN,41.1442,-111.9253,256.0,4.9,93.18,93.52,0.4499313,0.2613499
UUE,ENE,40.7682,-111.8462,408.0,4.9,121.49,121.75,0.1393543,0.06416092
UUE,ENN,40.7682,-111.8462,408.0,4.9,121.49,121.75,0.1513305,0.07431962
VEC,ENE,40.6535,-112.0325,408.0,4.9,140.68,140.9,0.1662868,0.09005146
VEC,ENN,40.6535,-112.0325,408.0,4.9,140.68,140.9,0.1242575,0.08363229
WBC,ENE,41.1397,-111.9008,2197.0,4.9,92.01,92.34,0.5483197,0.188831
WBC,ENN,41.1397,-111.9008,2197.0,4.9,92.01,92.34,0.7180432,0.2380247
WES,ENE,40.7328,-111.8543,408.0,4.9,125.22,125.47,0.3620619,0.1708464
WES,ENN,40.7328,-111.8543,408.0,4.9,125.22,125.47,0.3216828,0.1378902
WHS,ENE,40.7752,-111.8988,290.0,4.9,123.18,123.43,0.1657665,0.08446157
WHS,ENN,40.7752,-111.8988,290.0,4.9,123.18,123.43,0.1770885,0.09425226
WRP,ENE,40.8137,-111.9312,198.0,4.9,121.17,121.42,0.5510126,0.3056417
WRP,ENN,40.8137,-111.9312,198.0,4.9,121.17,121.42,0.4767891,0.1992414
WTU,ENE,40.4548,-111.9535,408.0,4.9,156.33,156.53,0.1578584,0.1041399
WTU,ENN,40.4548,-111.9535,408.0,4.9,156.33,156.53,0.08593466,0.04880039
7224,HNE,37.6725,-113.0715,234.0,3.1,75.45,76.28,0.03070003,0.00720476
7224,HNN,37.6725,-113.0715,234.0,3.1,75.45,76.28,0.03286464,0.00688233
CCUT,HHE,37.5507,-113.363,2197.0,3.1,73.76,74.61,0.00979138,0.00125405
CCUT,HHN,37.5507,-113.363,2197.0,3.1,73.76,74.61,0.00852799,0.00122908
CCPU,ENE,37.666,-113.0882,1010.0,3.1,75.1,75.93,0.01677723,0.00339535
CCPU,ENN,37.666,-113.0882,1010.0,3.1,75.1,75.93,0.02430768,0.00446057
KEUT,ENE,37.0503,-112.529,234.0,3.1,31.44,33.37,0.2473505,0.02962898
KEUT,ENN,37.0503,-112.529,234.0,3.1,31.44,33.37,0.2487334,0.0353494
LCMT,ENE,37.0118,-113.244,1460.0,3.1,32.5,34.38,0.2634575,0.05820173
LCMT,ENN,37.0118,-113.244,1460.0,3.1,32.5,34.38,0.292529,0.04140475
REUT,ENE,37.0977,-113.519,234.0,3.1,57.76,58.84,0.03743194,0.00915903
REUT,ENN,37.0977,-113.519,234.0,3.1,57.76,58.84,0.06764555,0.01480165
SGSU,ENE,38.2768,-112.6403,234.0,3.1,142.14,142.58,0.00418765,0.00091145
SGSU,ENN,38.2768,-112.6403,234.0,3.1,142.14,142.58,0.00842577,0.00174517
SZCU,ENE,37.5953,-113.088,1460.0,3.1,67.52,68.45,0.1194253,0.01557372
SZCU,ENN,37.5953,-113.088,1460.0,3.1,67.52,68.45,0.1279606,0.01239188
WCO,ENE,37.1318,-113.509,234.0,3.1,57.64,58.72,0.04927324,0.00880201
WCO,ENN,37.1318,-113.509,234.0,3.1,57.64,58.72,0.02292984,0.00397416
WDO,ENE,37.1077,-113.587,234.0,3.1,63.91,64.88,0.02695904,0.00426484
WDO,ENN,37.1077,-113.587,234.0,3.1,63.91,64.88,0.04571459,0.00948386
ZNPU,ENE,37.3562,-113.125,1460.0,3.1,44.18,45.57,0.02321028,0.00616264
ZNPU,ENN,37.3562,-113.125,1460.0,3.1,44.18,45.57,0.01929916,0.00540213
SRU,HHE,39.1108,-110.5238,1460.0,3.3,185.52,185.52,0.0031438,0.00135313
SRU,HHN,39.1108,-110.5238,1460.0,3.3,185.52,185.52,0.00226464,0.00074491
CTU,HHE,40.6925,-111.7503,2197.0,3.1,123.99,124.09,0.00474597,0.00099103
CTU,HHN,40.6925,-111.7503,2197.0,3.1,123.99,124.09,0.00354251,0.00109372
MPU,HHE,40.0155,-111.6333,2197.0,3.1,48.98,49.22,0.0266521,0.0047178
MPU,HHN,40.0155,-111.6333,2197.0,3.1,48.98,49.22,0.04276549,0.0089698
NOQ,HHE,40.6528,-112.1188,2197.0,3.1,124.9,124.99,0.00304858,0.00091883
NOQ,HHN,40.6528,-112.1188,2197.0,3.1,124.9,124.99,0.00364757,0.00093335
SRU,HHE,39.1108,-110.5238,1460.0,3.1,113.23,113.34,0.00622328,0.00119662
SRU,HHN,39.1108,-110.5238,1460.0,3.1,113.23,113.34,0.00585397,0.00150073
SRU,HHE,39.1108,-110.5238,1460.0,3.6,170.02,170.03,0.01196141,0.00196604
SRU,HHN,39.1108,-110.5238,1460.0,3.6,170.02,170.03,0.01103572,0.00235014
7224,HNE,37.6725,-113.0715,234.0,3.9,176.99,177.01,0.02002524,0.00609717
7224,HNN,37.6725,-113.0715,234.0,3.9,176.99,177.01,0.0217305,0.0066687
7225,HNE,38.2835,-112.6387,234.0,3.9,136.59,136.61,0.00763407,0.00359903
7225,HNN,38.2835,-112.6387,234.0,3.9,136.59,136.61,0.00621283,0.00360272
HMU,HHE,37.938,-110.742,1010.0,3.9,34.25,34.36,0.2918117,0.1255295
HMU,HHN,37.938,-110.742,1010.0,3.9,34.25,34.36,0.1929488,0.08157803
KNB,HHE,37.0167,-112.8223,1460.0,3.9,188.62,188.64,0.01484916,0.00516505
KNB,HHN,37.0167,-112.8223,1460.0,3.9,188.62,188.64,0.01671191,0.00431009
SRU,HHE,39.1108,-110.5238,1460.0,3.9,130.11,130.14,0.0289162,0.00989157
SRU,HHN,39.1108,-110.5238,1460.0,3.9,130.11,130.14,0.02014302,0.00621779
TCRU,HHE,38.6095,-112.447,1010.0,3.9,133.04,133.07,0.00793672,0.0020842
TCRU,HHN,38.6095,-112.447,1010.0,3.9,133.04,133.07,0.00672621,0.00221079
TMU,HHE,39.2965,-111.2082,1010.0,3.9,140.43,140.46,0.01657869,0.00671756
TMU,HHN,39.2965,-111.2082,1010.0,3.9,140.43,140.46,0.01815441,0.00933005
BCE,ENE,39.6132,-110.4085,1010.0,3.9,185.7,185.72,0.04018265,0.01491923
BCE,ENN,39.6132,-110.4085,1010.0,3.9,185.7,185.72,0.03088106,0.0141149
BCW,ENE,39.7303,-110.7425,1010.0,3.9,191.06,191.08,0.00594937,0.00263861
BCW,ENN,39.7303,-110.7425,1010.0,3.9,191.06,191.08,0.00535664,0.00204362
BRPU,ENE,39.473,-110.74,234.0,3.9,163.03,163.05,0.02458685,0.00568966
BRPU,ENN,39.473,-110.74,234.0,3.9,163.03,163.05,0.02151768,0.00538573
MTPU,ENE,38.0415,-112.184,1010.0,3.9,94.05,94.09,0.01508979,0.00537108
MTPU,ENN,38.0415,-112.184,1010.0,3.9,94.05,94.09,0.02171009,0.01040983
PKCU,ENE,37.4438,-112.311,1010.0,3.9,124.27,124.3,0.039285,0.01082809
PKCU,ENN,37.4438,-112.311,1010.0,3.9,124.27,124.3,0.02545773,0.00728061
SZCU,ENE,37.5953,-113.088,1460.0,3.9,180.61,180.63,0.0333852,0.00798026
SZCU,ENN,37.5953,-113.088,1460.0,3.9,180.61,180.63,0.02218716,0.0063818
ZNPU,ENE,37.3562,-113.125,1460.0,3.9,192.74,192.76,0.0247581,0.00943539
ZNPU,ENN,37.3562,-113.125,1460.0,3.9,192.74,192.76,0.01413326,0.00564625
CVRU,HHE,38.9177,-111.172,234.0,3.2,98.13,98.26,0.00957748,0.00199183
CVRU,HHN,38.9177,-111.172,234.0,3.2,98.13,98.26,0.01210558,0.00172412
HMU,HHE,37.938,-110.742,1010.0,3.2,34.46,34.82,0.04779311,0.01686065
HMU,HHN,37.938,-110.742,1010.0,3.2,34.46,34.82,0.0409636,0.01106823
KNB,HHE,37.0167,-112.8223,1460.0,3.2,188.55,188.61,0.00193517,0.00061141
KNB,HHN,37.0167,-112.8223,1460.0,3.2,188.55,188.61,0.00197473,0.0004987
SRU,HHE,39.1108,-110.5238,1460.0,3.2,130.07,130.17,0.00611916,0.00122448
SRU,HHN,39.1108,-110.5238,1460.0,3.2,130.07,130.17,0.00322803,0.00076409
TCRU,HHE,38.6095,-112.447,1010.0,3.2,132.83,132.92,0.00154702,0.00029875
TCRU,HHN,38.6095,-112.447,1010.0,3.2,132.83,132.92,0.00142857,0.00035575
TMU,HHE,39.2965,-111.2082,1010.0,3.2,140.3,140.39,0.00290607,0.00112182
TMU,HHN,39.2965,-111.2082,1010.0,3.2,140.3,140.39,0.00352326,0.00160657
BCE,ENE,39.6132,-110.4085,1010.0,3.2,185.64,185.71,0.00564004,0.001874
BCE,ENN,39.6132,-110.4085,1010.0,3.2,185.64,185.71,0.00455541,0.00196805
BRPU,ENE,39.473,-110.74,234.0,3.2,162.94,163.02,0.00347579,0.00085006
BRPU,ENN,39.473,-110.74,234.0,3.2,162.94,163.02,0.00383953,0.00072391
MTPU,ENE,38.0415,-112.184,1010.0,3.2,93.87,94.01,0.00302879,0.00079151
MTPU,ENN,38.0415,-112.184,1010.0,3.2,93.87,94.01,0.00400796,0.00080661
PKCU,ENE,37.4438,-112.311,1010.0,3.2,124.18,124.28,0.00667893,0.00181697
PKCU,ENN,37.4438,-112.311,1010.0,3.2,124.18,124.28,0.00707344,0.00215765
SZCU,ENE,37.5953,-113.088,1460.0,3.2,180.47,180.54,0.00642368,0.00115923
SZCU,ENN,37.5953,-113.088,1460.0,3.2,180.47,180.54,0.00478529,0.00112517
TMU,ENE,39.2965,-111.2082,1010.0,3.2,140.3,140.39,0.00295474,0.00115313
TMU,ENN,39.2965,-111.2082,1010.0,3.2,140.3,140.39,0.00344313,0.00157841
ZNPU,ENE,37.3562,-113.125,1460.0,3.2,192.63,192.69,0.00357421,0.00134406
ZNPU,ENN,37.3562,-113.125,1460.0,3.2,192.63,192.69,0.00251508,0.00103488
7224,HNE,37.6725,-113.0715,234.0,3.6,177.0,177.07,0.00791513,0.00244095
7224,HNN,37.6725,-113.0715,234.0,3.6,177.0,177.07,0.00721066,0.00257236
CVRU,HHE,38.9177,-111.172,234.0,3.6,97.86,97.99,0.03539322,0.00751755
CVRU,HHN,38.9177,-111.172,234.0,3.6,97.86,97.99,0.0713664,0.01000903
HMU,HHE,37.938,-110.742,1010.0,3.6,34.45,34.79,0.08439746,0.03201178
HMU,HHN,37.938,-110.742,1010.0,3.6,34.45,34.79,0.08489524,0.03268853
KNB,HHE,37.0167,-112.8223,1460.0,3.6,188.8,188.86,0.00420262,0.00180388
KNB,HHN,37.0167,-112.8223,1460.0,3.6,188.8,188.86,0.0047332,0.00166193
SRU,HHE,39.1108,-110.5238,1460.0,3.6,129.77,129.87,0.02808877,0.00741549
SRU,HHN,39.1108,-110.5238,1460.0,3.6,129.77,129.87,0.01546416,0.00455133
TCRU,HHE,38.6095,-112.447,1010.0,3.6,132.78,132.87,0.0068492,0.00173212
TCRU,HHN,38.6095,-112.447,1010.0,3.6,132.78,132.87,0.00618445,0.00217952
TMU,HHE,39.2965,-111.2082,1010.0,3.6,140.03,140.11,0.01156054,0.00443456
TMU,HHN,39.2965,-111.2082,1010.0,3.6,140.03,140.11,0.01341894,0.00468169
BCE,ENE,39.6132,-110.4085,1010.0,3.6,185.35,185.41,0.02273332,0.00914179
BCE,ENN,39.6132,-110.4085,1010.0,3.6,185.35,185.41,0.0185079,0.00672631
BCW,ENE,39.7303,-110.7425,1010.0,3.6,190.68,190.75,0.00579377,0.00146783
BCW,ENN,39.7303,-110.7425,1010.0,3.6,190.68,190.75,0.00423827,0.00136817
BRPU,ENE,39.473,-110.74,234.0,3.6,162.65,162.73,0.02298062,0.00442879
BRPU,ENN,39.473,-110.74,234.0,3.6,162.65,162.73,0.01560638,0.00388378
KEUT,ENE,37.0503,-112.529,234.0,3.6,166.27,166.35,0.02349096,0.0081338
KEUT,ENN,37.0503,-112.529,234.0,3.6,166.27,166.35,0.03103664,0.00951592
MTPU,ENE,38.0415,-112.184,1010.0,3.6,93.97,94.1,0.00516279,0.00248088
MTPU,ENN,38.0415,-112.184,1010.0,3.6,93.97,94.1,0.00938763,0.00435715
PEUT,ENE,38.7759,-112.0886,234.0,3.6,118.22,118.32,0.0277045,0.00998648
PEUT,ENN,38.7759,-112.0886,234.0,3.6,118.22,118.32,0.04726923,0.01497002
PKCU,ENE,37.4438,-112.311,1010.0,3.6,124.42,124.51,0.01254318,0.00413566
PKCU,ENN,37.4438,-112.311,1010.0,3.6,124.42,124.51,0.01145146,0.00427185
REUT,ENE,37.0977,-113.519,234.0,3.6,236.71,236.76,0.00983926,0.00379165
REUT,ENN,37.0977,-113.519,234.0,3.6,236.71,236.76,0.00751211,0.00443595
ZNPU,ENE,37.3562,-113.125,1460.0,3.6,192.83,192.89,0.00960823,0.003724
ZNPU,ENN,37.3562,-113.125,1460.0,3.6,192.83,192.89,0.00471114,0.00172197
7212,HNE,41.1959,-111.9417,256.0,3.1,89.98,89.98,0.00567876,0.00434363
7212,HNN,41.1959,-111.9417,256.0,3.1,89.98,89.98,0.00788565,0.00561008
HWUT,BHE,41.6068,-111.5652,2197.0,3.1,40.85,40.85,0.00650059,0.00565503
HWUT,BHN,41.6068,-111.5652,2197.0,3.1,40.85,40.85,0.00481526,0.00407741
BGU,HHE,40.9255,-113.0298,2197.0,3.1,183.44,183.44,0.00035512,0.00025186
BGU,HHN,40.9255,-113.0298,2197.0,3.1,183.44,183.44,0.00028207,0.00018965
HVU,HHE,41.7797,-112.775,2197.0,3.1,140.78,140.78,0.00179918,0.00095009
HVU,HHN,41.7797,-112.775,2197.0,3.1,140.78,140.78,0.00155897,0.00076928
JLU,HHE,40.602,-111.45,1010.0,3.1,124.48,124.48,0.00101311,0.00044334
JLU,HHN,40.602,-111.45,1010.0,3.1,124.48,124.48,0.0013741,0.00047003
MPU,HHE,40.0155,-111.6333,2197.0,3.1,191.44,191.44,0.00027709,0.00011495
MPU,HHN,40.0155,-111.6333,2197.0,3.1,191.44,191.44,0.00028251,0.00010338
NOQ,HHE,40.6528,-112.1188,2197.0,3.1,143.98,143.98,0.00309301,0.00157092
NOQ,HHN,40.6528,-112.1188,2197.0,3.1,143.98,143.98,0.00262219,0.0012732
RDMU,HHE,40.5708,-109.57,1460.0,3.1,177.89,177.89,0.0036024,0.00095772
RDMU,HHN,40.5708,-109.57,1460.0,3.1,177.89,177.89,0.00307379,0.00079321
TCU,HHE,41.1173,-111.4078,1460.0,3.1,68.9,68.9,0.01083977,0.00391036
TCU,HHN,41.1173,-111.4078,1460.0,3.1,68.9,68.9,0.0089938,0.00459159
BRPU,ENE,39.473,-110.74,234.0,3.1,247.81,247.81,0.00049275,0.00021988
BRPU,ENN,39.473,-110.74,234.0,3.1,247.81,247.81,0.00071799,0.00028908
JRP,ENE,40.8257,-111.9443,198.0,3.1,119.78,119.78,0.00785811,0.00310767
JRP,ENN,40.8257,-111.9443,198.0,3.1,119.78,119.78,0.01313978,0.00672648
LGC,ENE,40.9007,-111.9085,166.0,3.1,111.32,111.32,0.00278288,0.00161069
LGC,ENN,40.9007,-111.9085,166.0,3.1,111.32,111.32,0.00367071,0.0016832
LKC,ENE,40.727,-112.0357,198.0,3.1,133.18,133.18,0.01256063,0.006511
LKC,ENN,40.727,-112.0357,198.0,3.1,133.18,133.18,0.00919269,0.00296373
LRG,ENE,41.7137,-111.8513,234.0,3.1,63.66,63.66,0.00681206,0.0038263
LRG,ENN,41.7137,-111.8513,234.0,3.1,63.66,63.66,0.00710735,0.00566547
RIV,ENE,40.5193,-111.9342,290.0,3.1,148.09,148.09,0.00321351,0.00185923
RIV,ENN,40.5193,-111.9342,290.0,3.1,148.09,148.09,0.0038549,0.00184432
SCC,ENE,40.6748,-111.9395,198.0,3.1,133.4,133.4,0.00409998,0.00263937
SCC,ENN,40.6748,-111.9395,198.0,3.1,133.4,133.4,0.00393227,0.00205588
UTH,ENE,41.1442,-111.9253,256.0,3.1,92.56,92.56,0.00684412,0.00272274
UTH,ENN,41.1442,-111.9253,256.0,3.1,92.56,92.56,0.00831273,0.00317178
WBC,ENE,41.1397,-111.9008,2197.0,3.1,91.36,91.36,0.00867706,0.00256987
WBC,ENN,41.1397,-111.9008,2197.0,3.1,91.36,91.36,0.01042594,0.00436219
7212,HNE,41.1959,-111.9417,256.0,3.5,183.16,183.28,0.00742973,0.00345555
7212,HNN,41.1959,-111.9417,256.0,3.5,183.16,183.28,0.01035187,0.00463069
7232,HNE,41.7188,-112.1818,234.0,3.5,142.41,142.58,0.0351154,0.01302909
7232,HNN,41.7188,-112.1818,234.0,3.5,142.41,142.58,0.02901371,0.00900653
HWUT,BHE,41.6068,-111.5652,2197.0,3.5,129.63,129.81,0.0027025,0.0018519
HWUT,BHN,41.6068,-111.5652,2197.0,3.5,129.63,129.81,0.00236497,0.00189437
HVU,HHE,41.7797,-112.775,2197.0,3.5,172.8,172.93,0.01080997,0.00482717
HVU,HHN,41.7797,-112.775,2197.0,3.5,172.8,172.93,0.01035081,0.00505708
TCU,HHE,41.1173,-111.4078,1460.0,3.5,180.13,180.26,0.01227708,0.00495355
TCU,HHN,41.1173,-111.4078,1460.0,3.5,180.13,180.26,0.01125115,0.00497929
BCS,ENE,41.5118,-112.033,234.0,3.5,154.73,154.88,0.00906014,0.0031803
BCS,ENN,41.5118,-112.033,234.0,3.5,154.73,154.88,0.00735948,0.00366972
ELE,ENE,41.0807,-111.9182,256.0,3.5,194.41,194.53,0.00970422,0.00353416
ELE,ENN,41.0807,-111.9182,256.0,3.5,194.41,194.53,0.00863151,0.00383133
ETW,ENE,41.6692,-112.1422,234.0,3.5,144.84,145.0,0.03835192,0.01118904
ETW,ENN,41.6692,-112.1422,234.0,3.5,144.84,145.0,0.02628627,0.012395
HON,ENE,41.6162,-112.0508,2197.0,3.5,145.5,145.66,0.01768653,0.00446974
HON,ENN,41.6162,-112.0508,2197.0,3.5,145.5,145.66,0.00984031,0.00265233
LRG,ENE,41.7137,-111.8513,234.0,3.5,127.78,127.96,0.01622322,0.00729689
LRG,ENN,41.7137,-111.8513,234.0,3.5,127.78,127.96,0.01287585,0.00815727
OF2,ENE,41.2283,-111.9487,207.0,3.5,180.04,180.17,0.00535767,0.00334764
OF2,ENN,41.2283,-111.9487,207.0,3.5,180.04,180.17,0.00588794,0.0031441
PCL,ENE,41.31,-112.1,166.0,3.5,177.13,177.26,0.01274072,0.00380651
PCL,ENN,41.31,-112.1,166.0,3.5,177.13,177.26,0.00985913,0.00527822
SCS,ENE,41.0955,-112.0468,207.0,3.5,196.83,196.94,0.00846031,0.00476458
SCS,ENN,41.0955,-112.0468,207.0,3.5,196.83,196.94,0.00757342,0.00382265
WCF,ENE,41.6395,-111.9323,234.0,3.5,138.25,138.42,0.01110416,0.00606434
WCF,ENN,41.6395,-111.9323,234.0,3.5,138.25,138.42,0.01490639,0.00522892
MPU,HHE,40.0155,-111.6333,2197.0,3.1,160.0,160.0,0.00078884,0.00023201
MPU,HHN,40.0155,-111.6333,2197.0,3.1,160.0,160.0,0.00065405,0.00019857
HMU,HHE,37.938,-110.742,1010.0,3.1,34.92,35.27,0.04785907,0.01845271
HMU,HHN,37.938,-110.742,1010.0,3.1,34.92,35.27,0.05373526,0.01063969
KNB,HHE,37.0167,-112.8223,1460.0,3.1,188.66,188.72,0.00191581,0.00057577
KNB,HHN,37.0167,-112.8223,1460.0,3.1,188.66,188.72,0.00229726,0.00063529
SRU,HHE,39.1108,-110.5238,1460.0,3.1,129.65,129.75,0.004878,0.00136676
SRU,HHN,39.1108,-110.5238,1460.0,3.1,129.65,129.75,0.00322382,0.00067784
TCRU,HHE,38.6095,-112.447,1010.0,3.1,132.29,132.39,0.0012476,0.00025883
TCRU,HHN,38.6095,-112.447,1010.0,3.1,132.29,132.39,0.00093064,0.00023158
TMU,HHE,39.2965,-111.2082,1010.0,3.1,139.7,139.79,0.00204844,0.00095779
TMU,HHN,39.2965,-111.2082,1010.0,3.1,139.7,139.79,0.00223103,0.00116298
BCE,ENE,39.6132,-110.4085,1010.0,3.1,185.19,185.26,0.00479442,0.0020356
BCE,ENN,39.6132,-110.4085,1010.0,3.1,185.19,185.26,0.00577861,0.00293179
BRPU,ENE,39.473,-110.74,234.0,3.1,162.44,162.51,0.00390644,0.00089201
BRPU,ENN,39.473,-110.74,234.0,3.1,162.44,162.51,0.00278946,0.00066986
MTPU,ENE,38.0415,-112.184,1010.0,3.1,93.58,93.71,0.0025358,0.00069524
MTPU,ENN,38.0415,-112.184,1010.0,3.1,93.58,93.71,0.00374981,0.00108938
PKCU,ENE,37.4438,-112.311,1010.0,3.1,124.24,124.34,0.0054883,0.00151877
PKCU,ENN,37.4438,-112.311,1010.0,3.1,124.24,124.34,0.0053119,0.00149608
SZCU,ENE,37.5953,-113.088,1460.0,3.1,180.34,180.41,0.00516059,0.00121358
SZCU,ENN,37.5953,-113.088,1460.0,3.1,180.34,180.41,0.00386309,0.00093456
ZNPU,ENE,37.3562,-113.125,1460.0,3.1,192.58,192.65,0.00311206,0.00135353
ZNPU,ENN,37.3562,-113.125,1460.0,3.1,192.58,192.65,0.0024273,0.00085951
7223,HNE,37.1003,-113.5656,234.0,3.3,10.66,12.81,0.2781987,0.03456397
7223,HNN,37.1003,-113.5656,234.0,3.3,10.66,12.81,0.651944,0.1362211
7224,HNE,37.6725,-113.0715,234.0,3.3,68.58,68.95,0.02426361,0.00611819
7224,HNN,37.6725,-113.0715,234.0,3.3,68.58,68.95,0.03116252,0.00798613
CCUT,HHE,37.5507,-113.363,2197.0,3.3,46.83,47.37,0.05358818,0.0109349
CCUT,HHN,37.5507,-113.363,2197.0,3.3,46.83,47.37,0.03936595,0.0078534
KNB,HHE,37.0167,-112.8223,1460.0,3.3,57.66,58.1,0.02093582,0.00464806
KNB,HHN,37.0167,-112.8223,1460.0,3.3,57.66,58.1,0.0339081,0.00702941
TCRU,HHE,38.6095,-112.447,1010.0,3.3,186.09,186.22,0.00120762,0.00031208
TCRU,HHN,38.6095,-112.447,1010.0,3.3,186.09,186.22,0.00148344,0.00029549
CCPU,ENE,37.666,-113.0882,1010.0,3.3,67.23,67.61,0.01439462,0.00282017
CCPU,ENN,37.666,-113.0882,1010.0,3.3,67.23,67.61,0.01838429,0.00348272
HHS,ENE,37.1738,-113.296,234.0,3.3,14.66,16.28,0.4446108,0.1117546
HHS,ENN,37.1738,-113.296,234.0,3.3,14.66,16.28,0.3772099,0.082086
LCMT,ENE,37.0118,-113.244,1460.0,3.3,23.12,24.19,1.562241,0.287046
LCMT,ENN,37.0118,-113.244,1460.0,3.3,23.12,24.19,1.054313,0.1183113
MTPU,ENE,38.0415,-112.184,1010.0,3.3,150.66,150.82,0.00233578,0.00069424
MTPU,ENN,38.0415,-112.184,1010.0,3.3,150.66,150.82,0.00375197,0.0007518
PKCU,ENE,37.4438,-112.311,1010.0,3.3,106.97,107.2,0.02574381,0.00857757
PKCU,ENN,37.4438,-112.311,1010.0,3.3,106.97,107.2,0.0313447,0.00773408
REUT,ENE,37.0977,-113.519,234.0,3.3,7.13,10.06,0.5798939,0.1464589
REUT,ENN,37.0977,-113.519,234.0,3.3,7.13,10.06,0.5637253,0.1426509
SCUT,ENE,37.1282,-113.6447,234.0,3.3,16.99,18.41,0.353683,0.08735847
SCUT,ENN,37.1282,-113.6447,234.0,3.3,16.99,18.41,0.305632,0.07038022
SGSU,ENE,38.2768,-112.6403,234.0,3.3,145.62,145.79,0.1280205,0.01941246
SGSU,ENN,38.2768,-112.6403,234.0,3.3,145.62,145.79,0.2728601,0.05035152
SZCU,ENE,37.5953,-113.088,1460.0,3.3,60.49,60.91,0.07326512,0.01028125
SZCU,ENN,37.5953,-113.088,1460.0,3.3,60.49,60.91,0.09455623,0.01261191
WDO,ENE,37.1077,-113.587,234.0,3.3,12.23,14.14,0.8268284,0.1321881
WDO,ENN,37.1077,-113.587,234.0,3.3,12.23,14.14,0.6137539,0.104961
ZNPU,ENE,37.3562,-113.125,1460.0,3.3,38.12,38.78,0.09007048,0.02015887
ZNPU,ENN,37.3562,-113.125,1460.0,3.3,38.12,38.78,0.07713722,0.02099433
HVU,HHE,41.7797,-112.775,2197.0,3.2,144.51,144.55,0.0053525,0.00278264
HVU,HHN,41.7797,-112.775,2197.0,3.2,144.51,144.55,0.00840711,0.00327608
7223,HNE,37.1003,-113.5656,234.0,4.1,72.38,72.69,0.06474362,0.01618448
7223,HNN,37.1003,-113.5656,234.0,4.1,72.38,72.69,0.04903655,0.01298197
7224,HNE,37.6725,-113.0715,234.0,4.1,8.68,11.03,1.615923,0.6359889
7224,HNN,37.6725,-113.0715,234.0,4.1,8.68,11.03,2.075401,0.6107568
CCUT,HHE,37.5507,-113.363,2197.0,4.1,29.13,29.91,0.1668049,0.05335989
CCUT,HHN,37.5507,-113.363,2197.0,4.1,29.13,29.91,0.1570432,0.05834651
BHUT,ENE,38.2768,-112.64,234.0,4.1,83.03,83.31,0.01642813,0.00698739
BHUT,ENN,38.2768,-112.64,234.0,4.1,83.03,83.31,0.0131334,0.0069828
CVH,ENE,37.7152,-113.064,234.0,4.1,13.12,14.78,3.681245,1.031854
CVH,ENN,37.7152,-113.064,234.0,4.1,13.12,14.78,2.899065,0.5974964
HHS,ENE,37.1738,-113.296,234.0,4.1,52.37,52.81,0.1773681,0.04916211
HHS,ENN,37.1738,-113.296,234.0,4.1,52.37,52.81,0.1293664,0.03833391
IAE,ENE,37.6652,-113.067,234.0,4.1,7.79,10.34,6.111309,0.9664585
IAE,ENN,37.6652,-113.067,234.0,4.1,7.79,10.34,4.785918,0.6215799
KEUT,ENE,37.0503,-112.529,234.0,4.1,75.8,76.11,0.1202791,0.03237084
KEUT,ENN,37.0503,-112.529,234.0,4.1,75.8,76.11,0.08539762,0.03178616
KNB,ENE,37.0167,-112.8223,1460.0,4.1,67.38,67.73,0.0611134,0.02316161
KNB,ENN,37.0167,-112.8223,1460.0,4.1,67.38,67.73,0.04042844,0.01200415
LCMT,ENE,37.0118,-113.244,1460.0,4.1,67.63,67.97,0.1343058,0.03634868
LCMT,ENN,37.0118,-113.244,1460.0,4.1,67.63,67.97,0.1256366,0.03162027
PEUT,ENE,38.7759,-112.0886,234.0,4.1,154.93,155.08,0.01177297,0.00462701
PEUT,ENN,38.7759,-112.0886,234.0,4.1,154.93,155.08,0.00848082,0.00349294
REUT,ENE,37.0977,-113.519,234.0,4.1,70.01,70.34,0.1443378,0.06067246
REUT,ENN,37.0977,-113.519,234.0,4.1,70.01,70.34,0.1597711,0.04854334
SCUT,ENE,37.1282,-113.6447,234.0,4.1,74.88,75.19,0.2088607,0.03004035
SCUT,ENN,37.1282,-113.6447,234.0,4.1,74.88,75.19,0.112501,0.0341633
WCO,ENE,37.1318,-113.509,234.0,4.1,66.48,66.83,0.06341069,0.02176632
WCO,ENN,37.1318,-113.509,234.0,4.1,66.48,66.83,0.05754064,0.01447839
7223,HNE,37.1003,-113.5656,234.0,3.0,59.86,61.03,0.01873156,0.00259266
7223,HNN,37.1003,-113.5656,234.0,3.0,59.86,61.03,0.02451529,0.004208
7224,HNE,37.6725,-113.0715,234.0,3.0,66.37,67.43,0.01286371,0.0040991
7224,HNN,37.6725,-113.0715,234.0,3.0,66.37,67.43,0.01304708,0.0036451
CCUT,HHE,37.5507,-113.363,2197.0,3.0,65.84,66.9,0.00637018,0.00175443
CCUT,HHN,37.5507,-113.363,2197.0,3.0,65.84,66.9,0.00924676,0.00141705
KNB,HHE,37.0167,-112.8223,1460.0,3.0,10.4,15.81,0.1837288,0.03259973
KNB,HHN,37.0167,-112.8223,1460.0,3.0,10.4,15.81,0.08921052,0.01698451
CCPU,ENE,37.666,-113.0882,1010.0,3.0,66.05,67.11,0.0072647,0.00167926
CCPU,ENN,37.666,-113.0882,1010.0,3.0,66.05,67.11,0.01232627,0.00315709
HHS,ENE,37.1738,-113.296,234.0,3.0,37.01,38.87,0.06551757,0.01155499
HHS,ENN,37.1738,-113.296,234.0,3.0,37.01,38.87,0.06826312,0.01694415
KEUT,ENE,37.0503,-112.529,234.0,3.0,32.63,34.74,0.03141351,0.00703465
KEUT,ENN,37.0503,-112.529,234.0,3.0,32.63,34.74,0.05060058,0.00831277
LCMT,ENE,37.0118,-113.244,1460.0,3.0,32.52,34.63,0.1519266,0.02364163
LCMT,ENN,37.0118,-113.244,1460.0,3.0,32.52,34.63,0.1503304,0.03283438
REUT,ENE,37.0977,-113.519,234.0,3.0,55.72,56.97,0.04169429,0.00958178
REUT,ENN,37.0977,-113.519,234.0,3.0,55.72,56.97,0.06031606,0.01363714
WCO,ENE,37.1318,-113.509,234.0,3.0,54.99,56.27,0.0256209,0.00479861
WCO,ENN,37.1318,-113.509,234.0,3.0,54.99,56.27,0.02519831,0.00507801
WDO,ENE,37.1077,-113.587,234.0,3.0,61.78,62.92,0.03857872,0.00747144
WDO,ENN,37.1077,-113.587,234.0,3.0,61.78,62.92,0.04018489,0.00752372
CTU,HHE,40.6925,-111.7503,2197.0,3.6,186.92,186.94,0.00326304,0.00173047
CTU,HHN,40.6925,-111.7503,2197.0,3.6,186.92,186.94,0.00237699,0.00162805
HVU,HHE,41.7797,-112.775,2197.0,3.6,131.83,131.85,0.0120494,0.00564607
HVU,HHN,41.7797,-112.775,2197.0,3.6,131.83,131.85,0.01419364,0.00812323
NOQ,HHE,40.6528,-112.1188,2197.0,3.6,198.58,198.6,0.00325567,0.00153744
NOQ,HHN,40.6528,-112.1188,2197.0,3.6,198.58,198.6,0.00309582,0.00086755
MPU,HHE,40.0155,-111.6333,2197.0,3.3,128.81,128.82,0.00232132,0.00083166
MPU,HHN,40.0155,-111.6333,2197.0,3.3,128.81,128.82,0.00196326,0.00060907
NOQ,HHE,40.6528,-112.1188,2197.0,3.3,196.41,196.42,0.00055126,0.0002609
NOQ,HHN,40.6528,-112.1188,2197.0,3.3,196.41,196.42,0.00059227,0.00024863
SRU,HHE,39.1108,-110.5238,1460.0,3.3,128.63,128.64,0.01837159,0.00586155
SRU,HHN,39.1108,-110.5238,1460.0,3.3,128.63,128.64,0.00955167,0.0035915
7223,HNE,37.1003,-113.5656,234.0,3.8,66.98,67.29,0.03447751,0.00802722
7223,HNN,37.1003,-113.5656,234.0,3.8,66.98,67.29,0.1448007,0.0354989
7224,HNE,37.6725,-113.0715,234.0,3.8,13.8,15.21,0.5068993,0.1331354
7224,HNN,37.6725,-113.0715,234.0,3.8,13.8,15.21,0.5554202,0.1934623
7225,HNE,38.2835,-112.6387,234.0,3.8,88.1,88.33,0.01277136,0.00457183
7225,HNN,38.2835,-112.6387,234.0,3.8,88.1,88.33,0.01388517,0.00406662
CCUT,HHE,37.5507,-113.363,2197.0,3.8,15.78,17.03,0.2036483,0.05116836
CCUT,HHN,37.5507,-113.363,2197.0,3.8,15.78,17.03,0.2465107,0.04258658
KNB,HHE,37.0167,-112.8223,1460.0,3.8,77.49,77.75,0.03068675,0.01278967
KNB,HHN,37.0167,-112.8223,1460.0,3.8,77.49,77.75,0.02473535,0.00601981
TCRU,HHE,38.6095,-112.447,1010.0,3.8,127.47,127.63,0.01881079,0.00456275
TCRU,HHN,38.6095,-112.447,1010.0,3.8,127.47,127.63,0.01343805,0.00411405
CCPU,ENE,37.666,-113.0882,1010.0,3.8,12.19,13.77,0.3729212,0.04959744
CCPU,ENN,37.666,-113.0882,1010.0,3.8,12.19,13.77,0.4040129,0.1039462
CVH,ENE,37.7152,-113.064,234.0,3.8,16.35,17.56,0.6719448,0.1614658
CVH,ENN,37.7152,-113.064,234.0,3.8,16.35,17.56,0.8370019,0.203097
HHS,ENE,37.1738,-113.296,234.0,3.8,51.92,52.31,0.1385814,0.03393057
HHS,ENN,37.1738,-113.296,234.0,3.8,51.92,52.31,0.1307386,0.03135679
IAE,ENE,37.6652,-113.067,234.0,3.8,13.99,15.38,0.9476773,0.2362207
IAE,ENN,37.6652,-113.067,234.0,3.8,13.99,15.38,0.7921487,0.2782328
KEUT,ENE,37.0503,-112.529,234.0,3.8,89.55,89.78,0.0793581,0.03152582
KEUT,ENN,37.0503,-112.529,234.0,3.8,89.55,89.78,0.08433025,0.02632558
MTPU,ENE,38.0415,-112.184,1010.0,3.8,101.74,101.94,0.00899767,0.00307927
MTPU,ENN,38.0415,-112.184,1010.0,3.8,101.74,101.94,0.01622232,0.00427056
PEUT,ENE,38.7759,-112.0886,234.0,3.8,160.65,160.77,0.15272,0.00600833
PEUT,ENN,38.7759,-112.0886,234.0,3.8,160.65,160.77,0.3028426,0.01431781
PKCU,ENE,37.4438,-112.311,1010.0,3.8,83.32,83.56,0.05465615,0.02150883
PKCU,ENN,37.4438,-112.311,1010.0,3.8,83.32,83.56,0.04764313,0.01939546
PSUT,ENE,38.5337,-113.855,1010.0,3.8,113.91,114.09,0.00599463,0.00217608
PSUT,ENN,38.5337,-113.855,1010.0,3.8,113.91,114.09,0.01091926,0.00402356
REUT,ENE,37.0977,-113.519,234.0,3.8,65.47,65.78,0.2637052,0.06481535
REUT,ENN,37.0977,-113.519,234.0,3.8,65.47,65.78,0.1982327,0.05397097
SCUT,ENE,37.1282,-113.6447,234.0,3.8,67.84,68.14,0.1541911,0.05679039
SCUT,ENN,37.1282,-113.6447,234.0,3.8,67.84,68.14,0.2068613,0.08628015
SGSU,ENE,38.2768,-112.6403,234.0,3.8,87.41,87.65,0.02147702,0.00504976
SGSU,ENN,38.2768,-112.6403,234.0,3.8,87.41,87.65,0.05520477,0.01255328
WCO,ENE,37.1318,-113.509,234.0,3.8,61.65,61.98,0.1078381,0.03324666
WCO,ENN,37.1318,-113.509,234.0,3.8,61.65,61.98,0.09170593,0.02618602
WDO,ENE,37.1077,-113.587,234.0,3.8,67.14,67.45,0.157398,0.03303855
WDO,ENN,37.1077,-113.587,234.0,3.8,67.14,67.45,0.1850238,0.03566451
ZNPU,ENE,37.3562,-113.125,1460.0,3.8,32.4,33.03,0.2904954,0.08142738
ZNPU,ENN,37.3562,-113.125,1460.0,3.8,32.4,33.03,0.3798941,0.08508387
HWUT,BHE,41.6068,-111.5652,2197.0,3.1,104.86,104.86,0.00143598,0.00055332
HWUT,BHN,41.6068,-111.5652,2197.0,3.1,104.86,104.86,0.00134333,0.00053932
HVU,HHE,41.7797,-112.775,2197.0,3.1,143.41,143.42,0.00409907,0.00195825
HVU,HHN,41.7797,-112.775,2197.0,3.1,143.41,143.42,0.00984492,0.00522937
TCU,HHE,41.1173,-111.4078,1460.0,3.1,158.03,158.03,0.00522646,0.0021939
TCU,HHN,41.1173,-111.4078,1460.0,3.1,158.03,158.03,0.00493072,0.00229422
ETW,ENE,41.6692,-112.1422,234.0,3.1,115.79,115.79,0.00729902,0.00302636
ETW,ENN,41.6692,-112.1422,234.0,3.1,115.79,115.79,0.00746824,0.00260183
PCL,ENE,41.31,-112.1,166.0,3.1,149.34,149.34,0.00515293,0.00222841
PCL,ENN,41.31,-112.1,166.0,3.1,149.34,149.34,0.0053814,0.00238827
WBC,ENE,41.1397,-111.9008,2197.0,3.1,161.59,161.59,0.00471507,0.00129727
WBC,ENN,41.1397,-111.9008,2197.0,3.1,161.59,161.59,0.00716318,0.00227458
CVRU,HHE,38.9177,-111.172,234.0,3.2,97.16,97.19,0.01145482,0.00240904
CVRU,HHN,38.9177,-111.172,234.0,3.2,97.16,97.19,0.01744815,0.0027649
HMU,HHE,37.938,-110.742,1010.0,3.2,34.64,34.74,0.03747757,0.01521837
HMU,HHN,37.938,-110.742,1010.0,3.2,34.64,34.74,0.03025521,0.00970284
KNB,HHE,37.0167,-112.8223,1460.0,3.2,189.25,189.27,0.00118689,0.00054232
KNB,HHN,37.0167,-112.8223,1460.0,3.2,189.25,189.27,0.00108128,0.00058127
SRU,HHE,39.1108,-110.5238,1460.0,3.2,129.1,129.13,0.00610291,0.00138888
SRU,HHN,39.1108,-110.5238,1460.0,3.2,129.1,129.13,0.0040384,0.0011955
TCRU,HHE,38.6095,-112.447,1010.0,3.2,132.48,132.5,0.00164894,0.00031896
TCRU,HHN,38.6095,-112.447,1010.0,3.2,132.48,132.5,0.0016932,0.00032047
TMU,HHE,39.2965,-111.2082,1010.0,3.2,139.32,139.34,0.00344199,0.00119093
TMU,HHN,39.2965,-111.2082,1010.0,3.2,139.32,139.34,0.00412282,0.00173334
ZNPU,HHE,37.3562,-113.125,1460.0,3.2,193.14,193.16,0.00264644,0.00117305
ZNPU,HHN,37.3562,-113.125,1460.0,3.2,193.14,193.16,0.00168819,0.00073356
BCE,ENE,39.6132,-110.4085,1010.0,3.2,184.66,184.68,0.00647184,0.00245319
BCE,ENN,39.6132,-110.4085,1010.0,3.2,184.66,184.68,0.00835591,0.00349329
BRPU,ENE,39.473,-110.74,234.0,3.2,161.95,161.97,0.00503295,0.00136977
BRPU,ENN,39.473,-110.74,234.0,3.2,161.95,161.97,0.00534222,0.00107574
KEUT,ENE,37.0503,-112.529,234.0,3.2,166.77,166.79,0.00935174,0.00336498
KEUT,ENN,37.0503,-112.529,234.0,3.2,166.77,166.79,0.01182803,0.00270413
MTPU,ENE,38.0415,-112.184,1010.0,3.2,94.01,94.05,0.00376185,0.0013304
MTPU,ENN,38.0415,-112.184,1010.0,3.2,94.01,94.05,0.00406155,0.00225098
PKCU,ENE,37.4438,-112.311,1010.0,3.2,124.83,124.85,0.00512838,0.00178287
PKCU,ENN,37.4438,-112.311,1010.0,3.2,124.83,124.85,0.00571158,0.00259414
UTH,ENE,41.1442,-111.9253,256.0,3.4,179.45,179.46,0.00346392,0.0017492
UTH,ENN,41.1442,-111.9253,256.0,3.4,179.45,179.46,0.00373031,0.00150086
WBC,ENE,41.1397,-111.9008,2197.0,3.4,179.12,179.14,0.0052556,0.00138635
WBC,ENN,41.1397,-111.9008,2197.0,3.4,179.12,179.14,0.00633745,0.00182878
7223,HNE,37.1003,-113.5656,234.0,3.3,71.47,71.83,0.04681944,0.01128084
7223,HNN,37.1003,-113.5656,234.0,3.3,71.47,71.83,0.04437945,0.00817087
7224,HNE,37.6725,-113.0715,234.0,3.3,9.1,11.61,0.3515491,0.1039189
7224,HNN,37.6725,-113.0715,234.0,3.3,9.1,11.61,0.4103842,0.1240152
CCUT,HHE,37.5507,-113.363,2197.0,3.3,28.38,29.28,0.05610461,0.01148317
CCUT,HHN,37.5507,-113.363,2197.0,3.3,28.38,29.28,0.06369122,0.01793381
KNB,HHE,37.0167,-112.8223,1460.0,3.3,66.97,67.35,0.02098928,0.00490654
KNB,HHN,37.0167,-112.8223,1460.0,3.3,66.97,67.35,0.02248261,0.00482006
CCPU,ENE,37.666,-113.0882,1010.0,3.3,8.91,11.46,0.1980314,0.06509269
CCPU,ENN,37.666,-113.0882,1010.0,3.3,8.91,11.46,0.172615,0.04263325
CVH,ENE,37.7152,-113.064,234.0,3.3,13.65,15.44,1.22884,0.2853402
CVH,ENN,37.7152,-113.064,234.0,3.3,13.65,15.44,0.7753687,0.1507673
HHS,ENE,37.1738,-113.296,234.0,3.3,51.52,52.02,0.12089,0.02563362
HHS,ENN,37.1738,-113.296,234.0,3.3,51.52,52.02,0.1001586,0.01962206
IAE,ENE,37.6652,-113.067,234.0,3.3,8.22,10.93,0.2710145,0.04786245
IAE,ENN,37.6652,-113.067,234.0,3.3,8.22,10.93,0.9951976,0.1563605
KEUT,ENE,37.0503,-112.529,234.0,3.3,75.69,76.03,0.03388773,0.00723484
KEUT,ENN,37.0503,-112.529,234.0,3.3,75.69,76.03,0.02945556,0.00702549
LCMT,ENE,37.0118,-113.244,1460.0,3.3,66.84,67.23,0.1484247,0.0253521
LCMT,ENN,37.0118,-113.244,1460.0,3.3,66.84,67.23,0.1003426,0.01496918
PEUT,ENE,38.7759,-112.0886,234.0,3.3,155.82,155.98,0.00517773,0.00161823
PEUT,ENN,38.7759,-112.0886,234.0,3.3,155.82,155.98,0.00411178,0.00092848
REUT,ENE,37.0977,-113.519,234.0,3.3,69.11,69.49,0.0822977,0.02371622
REUT,ENN,37.0977,-113.519,234.0,3.3,69.11,69.49,0.0777532,0.01996394
SCUT,ENE,37.1282,-113.6447,234.0,3.3,73.97,74.32,0.04689052,0.01000089
SCUT,ENN,37.1282,-113.6447,234.0,3.3,73.97,74.32,0.06558809,0.01075279
WCO,ENE,37.1318,-113.509,234.0,3.3,65.58,65.97,0.06038463,0.01368908
WCO,ENN,37.1318,-113.509,234.0,3.3,65.58,65.97,0.05900682,0.00876919
